{
  "feature_names": [
    "mfccs_mean_0",
    "mfccs_mean_1",
    "mfccs_mean_2",
    "mfccs_mean_3",
    "mfccs_mean_4",
    "mfccs_mean_5",
    "mfccs_mean_6",
    "mfccs_mean_7",
    "mfccs_mean_8",
    "mfccs_mean_9",
    "mfccs_mean_10",
    "mfccs_mean_11",
    "mfccs_mean_12",
    "mfccs_std_0",
    "mfccs_std_1",
    "mfccs_std_2",
    "mfccs_std_3",
    "mfccs_std_4",
    "mfccs_std_5",
    "mfccs_std_6",
    "mfccs_std_7",
    "mfccs_std_8",
    "mfccs_std_9",
    "mfccs_std_10",
    "mfccs_std_11",
    "mfccs_std_12"
  ],
  "n_features": 26,
  "classes": [
    "Bronchiectasis",
    "Bronchiolitis",
    "COPD",
    "Healthy",
    "Pneumonia",
    "URTI"
  ],
  "class_indices": {
    "Bronchiectasis": 0,
    "Bronchiolitis": 1,
    "COPD": 2,
    "Healthy": 3,
    "Pneumonia": 4,
    "URTI": 5
  },
  "sr": 16000,
  "segment_len": 64000,
  "model_type": "KNN_n1_euclidean_FIXED",
  "scaler_mean": [
    -352.6546253016686,
    114.52646878870522,
    46.946375393199745,
    29.010418557767142,
    28.983131249663554,
    26.539157770638774,
    17.162782363984743,
    13.13827085767404,
    13.111689122089574,
    13.879652673286955,
    9.205718331226834,
    7.838993192424381,
    8.03840620212762,
    55.79626839729615,
    32.01570789199962,
    17.993484500815622,
    12.963318431116225,
    10.643613704032472,
    9.861057168740583,
    8.513751272033591,
    7.268694197752102,
    6.227493105569424,
    5.953472999463942,
    5.275414220751588,
    4.816747868046281,
    4.461455204901788
  ],
  "scaler_std": [
    58.683772343885494,
    29.75148152818649,
    18.31115844236872,
    16.586393785828356,
    8.834150809195695,
    7.612403977209027,
    7.842481840335102,
    6.142209174045492,
    4.358143721984304,
    3.8034340362775083,
    4.199689120026212,
    3.818819646581323,
    3.261437541087206,
    17.30901009050404,
    12.418520971035896,
    5.857226622939835,
    4.257419036177446,
    3.0470723884279667,
    2.764310814132836,
    2.3577794503569467,
    1.698975736941773,
    1.3472339501271902,
    1.4319540140138782,
    1.2124866969894907,
    1.0248004945694582,
    1.0109691268248435
  ]
}