{
  "feature_names": [
    "mfccs_mean_0",
    "mfccs_mean_1",
    "mfccs_mean_2",
    "mfccs_mean_3",
    "mfccs_mean_4",
    "mfccs_mean_5",
    "mfccs_mean_6",
    "mfccs_mean_7",
    "mfccs_mean_8",
    "mfccs_mean_9",
    "mfccs_mean_10",
    "mfccs_mean_11",
    "mfccs_mean_12",
    "mfccs_std_0",
    "mfccs_std_1",
    "mfccs_std_2",
    "mfccs_std_3",
    "mfccs_std_4",
    "mfccs_std_5",
    "mfccs_std_6",
    "mfccs_std_7",
    "mfccs_std_8",
    "mfccs_std_9",
    "mfccs_std_10",
    "mfccs_std_11",
    "mfccs_std_12"
  ],
  "n_features": 26,
  "classes": [
    "Bronchiectasis",
    "Bronchiolitis",
    "COPD",
    "Healthy",
    "Pneumonia",
    "URTI"
  ],
  "class_indices": {
    "Bronchiectasis": 0,
    "Bronchiolitis": 1,
    "COPD": 2,
    "Healthy": 3,
    "Pneumonia": 4,
    "URTI": 5
  },
  "sr": 16000,
  "segment_len": 64000,
  "model_type": "KNN_{'algorithm': 'auto', 'leaf_size': 30, 'metric': 'euclidean', 'metric_params': None, 'n_jobs': None, 'n_neighbors': 1, 'p': 2, 'weights': 'uniform'}",
  "scaler_mean": [
    -352.09792857105947,
    114.82240181653746,
    46.69740903194315,
    28.874427496180875,
    29.00390659524548,
    26.569178783741602,
    17.08931179471835,
    13.067636661049768,
    13.12856739749354,
    13.893946671364342,
    9.1661052186615,
    7.813158399383463,
    8.033087886542637,
    55.67687697209303,
    31.928687304909563,
    17.965073454366923,
    12.939491542894057,
    10.605512574263564,
    9.867275657054263,
    8.521187067338502,
    7.259154669302325,
    6.220707894780362,
    5.943116075503875,
    5.278491812299742,
    4.811949449819121,
    4.449895796485788
  ],
  "scaler_std": [
    59.34909099830594,
    30.028633000225103,
    18.384193242477604,
    16.72400506499328,
    8.854573321158163,
    7.593551519015189,
    7.869427838605334,
    6.175814445138817,
    4.375292350164949,
    3.8332616143816822,
    4.2139070892328565,
    3.8338722188838688,
    3.268585494265478,
    17.377965245392776,
    12.457153981602808,
    5.9236176954375255,
    4.269860054902113,
    3.0663231521495447,
    2.785542745645134,
    2.3714708202945727,
    1.6963104790911046,
    1.338599085978036,
    1.446627686598299,
    1.2118946441074736,
    1.032901208700052,
    1.007209335681785
  ]
}