{"mean": [0.2586266850207945, 0.1251272597804869, 0.01628944461255859, 7.730637003834359, 104.2516781348441, 14422.07142196977, -1.8671971990793013, 107.9315367182605, 11829.52802515365, -0.13915584587111815, 3.3865925286022183, 12.192959703360279, 272.40049057003034, 215.22364848285628, 50112.83620022404, 751.5544237465372, 325.3405609424868, 113089.24230716836, 394.9648420326516, 543.2614235409668, 325726.1470215357, 0.007282028368955753, 0.006493434511635372, 8.096000613875088e-05, -0.00015286732069210425, 0.18454205312309135, 0.03823014736015183, 2.5591372584276527e-05, 0.05799533909671055, 0.004037190979619167, -352.6546253016686, 114.52646878870522, 46.946375393199745, 29.010418557767142, 28.983131249663554, 26.539157770638774, 17.162782363984743, 13.13827085767404, 13.111689122089574, 13.879652673286955, 9.205718331226834, 7.838993192424381, 8.03840620212762, 55.79626839729615, 32.01570789199962, 17.993484500815622, 12.963318431116225, 10.643613704032472, 9.861057168740583, 8.513751272033591, 7.268694197752102, 6.227493105569424, 5.953472999463942, 5.275414220751588, 4.816747868046281, 4.461455204901788, 0.7315189181501681, 0.7030101689722185, 0.6880011007577834, 0.6786613289779649, 0.6510159418313353, 0.641424931367107, 0.6757527661624158, 0.6922873618460825, 0.709310386534711, 0.7382364281079354, 0.7540728994616304, 0.7656320911416735, 0.2308719722202195, 0.21811152913012058, 0.21292996170163253, 0.22165894456925397, 0.21114795545363238, 0.21917975339430232, 0.23798794869168724, 0.2300316094274164, 0.21774416485414025, 0.22294909858313067, 0.2234358184575517, 0.23894411669339508], "scale": [0.012495063951949539, 0.025151808468445114, 0.006367304026714041, 5.686824213837289, 59.61257454775677, 36441.059554058214, 3.7808883020183743, 13.428007817313263, 2729.8889616047163, 0.19708679932146625, 0.8508529453631075, 6.144868008273683, 152.6351170696861, 61.57611009110559, 28753.709211396, 242.7428081703812, 85.10441652932262, 54864.442201861864, 344.9610607542919, 174.90904125795782, 209517.62227498126, 0.008524793466691268, 0.006228588474273571, 0.00021444835619359882, 0.006959214771419426, 0.06460942567034882, 0.027228392868423414, 0.001317217966617683, 0.025956340780596984, 0.0038051101293055697, 58.683772343885494, 29.75148152818649, 18.31115844236872, 16.586393785828356, 8.834150809195695, 7.612403977209027, 7.842481840335102, 6.142209174045492, 4.358143721984304, 3.8034340362775083, 4.199689120026212, 3.818819646581323, 3.261437541087206, 17.30901009050404, 12.418520971035896, 5.857226622939835, 4.257419036177446, 3.0470723884279667, 2.764310814132836, 2.3577794503569467, 1.698975736941773, 1.3472339501271902, 1.4319540140138782, 1.2124866969894907, 1.0248004945694582, 1.0109691268248435, 0.08987450870910264, 0.08074727375422808, 0.07140937863382738, 0.06852598651157567, 0.06643269447939439, 0.0659372230118981, 0.07311617471733334, 0.07741185531358732, 0.08251576687503505, 0.08821262307173826, 0.09478835025274297, 0.095510020444509, 0.05523150751905058, 0.055230189034982474, 0.05550427650976566, 0.05391655206128216, 0.05037622267573339, 0.0451274661167829, 0.045494842636611514, 0.04972576125794798, 0.05565758111720452, 0.060930170270709405, 0.0610949893410889, 0.05892913532821557], "feature_names": ["chroma_cens_mean", "chroma_cens_std", "chroma_cens_var", "mel_mean", "mel_std", "mel_var", "mfcc_mean", "mfcc_std", "mfcc_var", "mfcc_delta_mean", "mfcc_delta_std", "mfcc_delta_var", "cent_mean", "cent_std", "cent_var", "spec_bw_mean", "spec_bw_std", "spec_bw_var", "rolloff_mean", "rolloff_std", "rolloff_var", "zcr_mean", "zcr_std", "zcr_var", "harm_mean", "harm_std", "harm_var", "perc_mean", "perc_std", "perc_var", "mfccs_mean_0", "mfccs_mean_1", "mfccs_mean_2", "mfccs_mean_3", "mfccs_mean_4", "mfccs_mean_5", "mfccs_mean_6", "mfccs_mean_7", "mfccs_mean_8", "mfccs_mean_9", "mfccs_mean_10", "mfccs_mean_11", "mfccs_mean_12", "mfccs_std_0", "mfccs_std_1", "mfccs_std_2", "mfccs_std_3", "mfccs_std_4", "mfccs_std_5", "mfccs_std_6", "mfccs_std_7", "mfccs_std_8", "mfccs_std_9", "mfccs_std_10", "mfccs_std_11", "mfccs_std_12", "chroma_mean_0", "chroma_mean_1", "chroma_mean_2", "chroma_mean_3", "chroma_mean_4", "chroma_mean_5", "chroma_mean_6", "chroma_mean_7", "chroma_mean_8", "chroma_mean_9", "chroma_mean_10", "chroma_mean_11", "chroma_std_0", "chroma_std_1", "chroma_std_2", "chroma_std_3", "chroma_std_4", "chroma_std_5", "chroma_std_6", "chroma_std_7", "chroma_std_8", "chroma_std_9", "chroma_std_10", "chroma_std_11"]}